{
  "last_alert_at": {
    "crypto_rotation:missing_pins": 1778972851.512236
  },
  "last_run_at": 1778972851.512236
}