{
  "last_alert_at": {
    "migration_drill:never_run": 1778960872.7332108
  },
  "last_landmark": "never_run",
  "last_run_at": 1779047398.2314954
}