{
  "last_alert_at": 1778960855.7575743,
  "last_run_at": 1779047397.1698503
}