{
  "runbooks": {
    "self_heal_router": {
      "recent": [
        {
          "success": true,
          "ts": 1778414460.1432233
        },
        {
          "success": true,
          "ts": 1779050774.0931847
        },
        {
          "success": true,
          "ts": 1779061686.9144998
        },
        {
          "success": true,
          "ts": 1779100355.50923
        }
      ]
    }
  }
}