{
  "consecutive_failures": 0,
  "last_keepalive_at": 1778960853.6317506,
  "last_run_at": 1779047397.124326
}