{
  "last_run_at": 1779047414.2262561,
  "last_scanned_ts": 1779047414.2262561,
  "lifetime_detected": 0
}