{
  "last_run_at": 1779106104.5156548,
  "last_scanned_ts": 1779106104.5156548,
  "lifetime_detected": 0
}