{
  "last_alert_at": {
    "version_upgrade_drill:never_run": 1778960856.8611925
  },
  "last_run_at": 1779047397.245045
}