{
  "Foundations_Edge_-_Isaac_Asimov.md": 1778414470.1668713,
  "Prelude_to_Foundation_-_Isaac_Asimov.md": 1778414470.1668713
}