{
  "Foundations_Edge_-_Isaac_Asimov.md": 1777704226.0180044,
  "Prelude_to_Foundation_-_Isaac_Asimov.md": 1777704226.0180044
}