{
  "Foundation_1_-_Foundation_-_Isaac_Asimov.md": 1779050463.5023603,
  "Foundation_5_-_Foundation_and_Earth_-_Isaac_Asimov.md": 1779050463.5023603,
  "Foundation_and_Empire_-_Asimov_Isaac.md": 1779050463.5023603,
  "Foundations_Edge_-_Isaac_Asimov.md": 1779050463.5023603,
  "Prelude_to_Foundation_-_Isaac_Asimov.md": 1779050463.5023603,
  "bootstrap_fiction.md": 1779050463.5023603
}