{
  "boot_at": 0.0,
  "last_alert_at": {
    "restart_burst": 1779009847.857147
  },
  "last_run_at": 1779050574.4828098,
  "restart_log": [
    1778960873.2091815,
    1778961803.8131282,
    1779009847.857147,
    1779034796.363088,
    1779035258.3180401,
    1779036612.807053,
    1779037270.6749434,
    1779038035.7921684,
    1779042411.1767418,
    1779047398.8137126,
    1779050574.4828098
  ],
  "substrate_fingerprint": {
    "hostname": "cd109af60888",
    "machine": "aarch64",
    "python_version": "3.13.13",
    "system": "Linux",
    "total_gb": 926
  },
  "weekly_samples": [
    {
      "free_bytes": 424922763264,
      "headroom_pct": 70.85,
      "mem_available_bytes": 14836588544,
      "mem_total_bytes": 20941479936,
      "total_bytes": 994662584320,
      "ts": 1778960873.2091815,
      "workspace_bytes": 2439904453
    }
  ]
}