{
  "last_alert_at": {
    "vendor_openai_missing": 1778960874.6012318
  },
  "last_run_at": 1778960874.6012318
}