{
  "last_alert_at": {
    "cadence_quiet": 1778960874.6134846,
    "hour_shift": 1778960874.6134846
  },
  "last_run_at": 1778960874.6134846
}