{
  "aesthetics": 1779047574.1152654,
  "episteme": 1779047574.1152654,
  "experiential": 1779047574.1152654,
  "knowledge": 1779047574.1152654,
  "memory": 1779047574.1152654,
  "philosophy": 1779047574.1152654,
  "tensions": 1779047574.1152654
}